{
  "note": "z = (x - mean) / scale; foldable into first Linear layer",
  "feature_names": [
    "FZ-CZ_std",
    "T7-P7_delta_power",
    "T7-P7_theta_power",
    "T8-P8_beta_power",
    "T8-P8_theta_power",
    "T8-P8_broadband_power",
    "T8-P8_delta_power",
    "T7-P7_beta_power",
    "FZ-CZ_theta_power",
    "FZ-CZ_hjorth_mobility"
  ],
  "feature_indices": [
    0,
    7,
    8,
    14,
    13,
    16,
    12,
    9,
    18,
    3
  ],
  "mean": [
    4.047346010338515e-05,
    -9.97116756439209,
    -10.325288772583008,
    -10.264470100402832,
    -10.374866485595703,
    -9.517942428588867,
    -9.98779296875,
    -10.21059799194336,
    -10.34908390045166,
    0.23856547474861145
  ],
  "scale": [
    3.838041448034346e-05,
    0.610112726688385,
    0.5348759293556213,
    0.7633334398269653,
    0.517142117023468,
    0.630510151386261,
    0.5600330233573914,
    0.7791151404380798,
    0.548179566860199,
    0.1957298070192337
  ]
}