{
  "created": "2026-07-09T12:17:16",
  "device": "cuda",
  "arch": "10 -> 16 -> 8 -> 1, ReLU, dropout=0.10, logit output",
  "contract": "results/feature_selection/selected_features.json",
  "pos_weight_sweep": {
    "10": {
      "val_pr_auc_mean": 0.2232786555301904,
      "val_pr_auc_std": 0.1492549709541802,
      "val_roc_auc_mean": 0.8065006259819304,
      "val_pr_auc_per_seed": [
        0.2218544761603287,
        0.4067858444837877,
        0.04119564594645489
      ]
    },
    "25": {
      "val_pr_auc_mean": 0.4995594210652872,
      "val_pr_auc_std": 0.031249211014103523,
      "val_roc_auc_mean": 0.8382872729105625,
      "val_pr_auc_per_seed": [
        0.4901242129528272,
        0.5416668956670524,
        0.466887154575982
      ]
    },
    "50": {
      "val_pr_auc_mean": 0.5455744071815003,
      "val_pr_auc_std": 0.025801979268758754,
      "val_roc_auc_mean": 0.8472117501040102,
      "val_pr_auc_per_seed": [
        0.5200648183956855,
        0.5357336519846728,
        0.5809247511641423
      ]
    },
    "100": {
      "val_pr_auc_mean": 0.5479420350153117,
      "val_pr_auc_std": 0.008083782354981696,
      "val_roc_auc_mean": 0.8528334354230127,
      "val_pr_auc_per_seed": [
        0.5415616247190513,
        0.5593474138732669,
        0.5429170664536167
      ]
    }
  },
  "pos_weight_chosen": 100,
  "pos_weight_selection": {
    "criterion": "max mean val PR-AUC over seeds",
    "n_sweep_seeds": 3,
    "within_one_std_of_best": [
      50
    ]
  },
  "hyperparams": {
    "epochs": 100,
    "batch": 8192,
    "lr": 5e-05,
    "weight_decay": 0.0001,
    "patience": 12,
    "dropout": 0.1,
    "seed": 42,
    "n_sweep_seeds": 3
  },
  "val_metrics": {
    "pr_auc": 0.5415616247190513,
    "roc_auc": 0.853635108544036,
    "thresholds": {
      "0.3": {
        "recall": 0.8762755102040817,
        "precision": 0.008349335213047811,
        "f1": 0.01654106373245371
      },
      "0.5": {
        "recall": 0.8086734693877551,
        "precision": 0.01897351488852312,
        "f1": 0.03707710751776368
      },
      "0.7": {
        "recall": 0.7321428571428571,
        "precision": 0.1206896551724138,
        "f1": 0.2072202166064982
      },
      "0.9": {
        "recall": 0.19642857142857142,
        "precision": 0.8461538461538461,
        "f1": 0.3188405797101449
      }
    }
  },
  "test_metrics": {
    "pr_auc": 0.03341610283382376,
    "roc_auc": 0.7210511619301425,
    "thresholds": {
      "0.3": {
        "recall": 0.981549815498155,
        "precision": 0.001849945753470387,
        "f1": 0.0036929313683976704
      },
      "0.5": {
        "recall": 0.8929889298892989,
        "precision": 0.002152775924492719,
        "f1": 0.004295197188598204
      },
      "0.7": {
        "recall": 0.6236162361623616,
        "precision": 0.0022417658216933953,
        "f1": 0.004467472045256285
      },
      "0.9": {
        "recall": 0.1881918819188192,
        "precision": 0.007307637197306204,
        "f1": 0.01406896551724138
      }
    }
  }
}