{
  "true_positives": 1578,
  "false_positives": 10752,
  "true_negatives": 643535,
  "false_negatives": 2923,
  "positive_count": 4501,
  "negative_count": 654287,
  "window_count": 658788,
  "sensitivity": 0.3505887580537658,
  "specificity": 0.9835668445193012,
  "precision": 0.12798053527980535,
  "macro_sensitivity": 0.4547178014346001,
  "macro_specificity": 0.9809210729270562,
  "macro_pr_auc": 0.3255832782678825,
  "event_metrics": {
    "false_alarms": 5625,
    "evaluated_hours": 92.6763888888889,
    "seizure_bouts": 40,
    "detected_seizure_bouts": 33,
    "false_alarms_per_hour": 60.69507096078049,
    "seizure_bout_sensitivity": 0.825
  },
  "threshold_logit": -2.632594108581543,
  "threshold_probability": 0.06706995072763683,
  "threshold_source": "locked validation threshold",
  "evaluation_scope": "pre-registered non-overlapping test segments; one-hour reference blocks and their guards are excluded; no adaptation is applied",
  "per_patient": {
    "chb10": {
      "threshold_logit": -2.632594108581543,
      "threshold_probability": 0.06706995072763683,
      "sensitivity": 0.8713592233009708,
      "specificity": 0.9958805804579972,
      "precision": 0.3519607843137255,
      "f1": 0.5013966480446927,
      "accuracy": 0.9955616750014763,
      "balanced_accuracy": 0.933619901879484,
      "pr_auc": 0.8128700208564658,
      "roc_auc": 0.9696260178255669,
      "true_positives": 718,
      "false_positives": 1322,
      "true_negatives": 319597,
      "false_negatives": 106,
      "positive_count": 824,
      "negative_count": 320919,
      "window_count": 321743,
      "per_patient": {
        "chb10": {
          "sensitivity": 0.8713592233009708,
          "specificity": 0.9958805804579972,
          "true_positives": 718,
          "false_positives": 1322,
          "true_negatives": 319597,
          "false_negatives": 106,
          "positive_count": 824,
          "negative_count": 320919,
          "window_count": 321743
        }
      },
      "event_metrics": {
        "false_alarms": 893,
        "evaluated_hours": 45.85666666666667,
        "false_alarms_per_hour": 19.47372246856146,
        "seizure_bouts": 6,
        "detected_seizure_bouts": 6,
        "seizure_bout_sensitivity": 1.0,
        "definition": "A false alarm is a contiguous predicted-positive run within one recording that contains no positive-labeled window. A seizure bout is a contiguous run of positive-labeled windows."
      }
    },
    "chb11": {
      "threshold_logit": -2.632594108581543,
      "threshold_probability": 0.06706995072763683,
      "sensitivity": 0.3151595744680851,
      "specificity": 0.9647355037642159,
      "precision": 0.06304029791195638,
      "f1": 0.10506483431231298,
      "accuracy": 0.9598817567567568,
      "balanced_accuracy": 0.6399475391161505,
      "pr_auc": 0.08776864214447833,
      "roc_auc": 0.7886541004382356,
      "true_positives": 474,
      "false_positives": 7045,
      "true_negatives": 192731,
      "false_negatives": 1030,
      "positive_count": 1504,
      "negative_count": 199776,
      "window_count": 201280,
      "per_patient": {
        "chb11": {
          "sensitivity": 0.3151595744680851,
          "specificity": 0.9647355037642159,
          "true_positives": 474,
          "false_positives": 7045,
          "true_negatives": 192731,
          "false_negatives": 1030,
          "positive_count": 1504,
          "negative_count": 199776,
          "window_count": 201280
        }
      },
      "event_metrics": {
        "false_alarms": 3503,
        "evaluated_hours": 27.960277777777776,
        "false_alarms_per_hour": 125.28487834924546,
        "seizure_bouts": 1,
        "detected_seizure_bouts": 1,
        "seizure_bout_sensitivity": 1.0,
        "definition": "A false alarm is a contiguous predicted-positive run within one recording that contains no positive-labeled window. A seizure bout is a contiguous run of positive-labeled windows."
      }
    },
    "chb12": {
      "threshold_logit": -2.632594108581543,
      "threshold_probability": 0.06706995072763683,
      "sensitivity": 0.17763460653474458,
      "specificity": 0.9821471345589556,
      "precision": 0.13929989173583543,
      "f1": 0.15614886731391586,
      "accuracy": 0.9692704305233307,
      "balanced_accuracy": 0.5798908705468501,
      "pr_auc": 0.07611117180270355,
      "roc_auc": 0.7576888589243174,
      "true_positives": 386,
      "false_positives": 2385,
      "true_negatives": 131207,
      "false_negatives": 1787,
      "positive_count": 2173,
      "negative_count": 133592,
      "window_count": 135765,
      "per_patient": {
        "chb12": {
          "sensitivity": 0.17763460653474458,
          "specificity": 0.9821471345589556,
          "true_positives": 386,
          "false_positives": 2385,
          "true_negatives": 131207,
          "false_negatives": 1787,
          "positive_count": 2173,
          "negative_count": 133592,
          "window_count": 135765
        }
      },
      "event_metrics": {
        "false_alarms": 1229,
        "evaluated_hours": 18.859444444444446,
        "false_alarms_per_hour": 65.1662886263882,
        "seizure_bouts": 33,
        "detected_seizure_bouts": 26,
        "seizure_bout_sensitivity": 0.7878787878787878,
        "definition": "A false alarm is a contiguous predicted-positive run within one recording that contains no positive-labeled window. A seizure bout is a contiguous run of positive-labeled windows."
      }
    }
  }
}
